{"cameraMode":{"drawMode":0,"name":"Shaded","section":"Shading Mode"},"sceneLighting":true,"audioPlay":false,"sceneViewState":{"m_AlwaysRefresh":false,"showFog":true,"showSkybox":true,"showFlares":true,"showImageEffects":true,"showParticleSystems":true,"showVisualEffectGraphs":true,"m_FxEnabled":true},"in2DMode":false,"pivot":{"x":0.023147791624069215,"y":-8.537504196166993,"z":3.4781951904296877},"rotation":{"x":0.4460087716579437,"y":-0.00537809869274497,"z":0.002671075752004981,"w":0.8950105905532837},"size":17.66567611694336,"orthographic":false}