{"cameraMode":{"drawMode":0,"name":"Shaded","section":"Shading Mode"},"sceneLighting":true,"audioPlay":false,"sceneViewState":{"m_AlwaysRefresh":false,"showFog":true,"showSkybox":true,"showFlares":true,"showImageEffects":true,"showParticleSystems":true,"showVisualEffectGraphs":true,"m_FxEnabled":true},"in2DMode":false,"pivot":{"x":1.6010246276855469,"y":4.142071723937988,"z":-0.11213934421539307},"rotation":{"x":0.28485649824142458,"y":-0.6354387998580933,"z":0.27263808250427248,"w":0.663884162902832},"size":8.444130897521973,"orthographic":false}