{"cameraMode":{"drawMode":0,"name":"Shaded","section":"Shading Mode"},"sceneLighting":true,"audioPlay":false,"sceneViewState":{"m_AlwaysRefresh":false,"showFog":true,"showSkybox":true,"showFlares":true,"showImageEffects":true,"showParticleSystems":true,"showVisualEffectGraphs":true,"m_FxEnabled":true},"in2DMode":false,"pivot":{"x":0.09776449203491211,"y":2.670070171356201,"z":-1.3648039102554322},"rotation":{"x":-0.05103440582752228,"y":0.8985522985458374,"z":-0.10862884670495987,"w":-0.42214176058769228},"size":1.423710584640503,"orthographic":false}